fecha,campana,estado,enviados,aperturas,clics,respuestas,rebotes,deposito_sin_empezar
2026-09-09,ICP10 · Dirección nueva (Brain),ACTIVE,4,0,0,0,0,0
2026-09-09,ICP15 · Base desaprovechada (Brain),ACTIVE,0,0,0,0,0,0
2026-09-09,"Solar · con señal (Brain, 8-sep) BORRADOR",ACTIVE,1,0,0,0,0,0
2026-09-09,Multiservicio · Brain (8-sep) BORRADOR,ACTIVE,4,0,0,0,0,0
2026-09-09,Gestorías · Piloto (1-sep),ACTIVE,0,0,0,0,0,0
2026-09-09,Vuelta al curso · Re-enganche (1-sep),COMPLETED,1,2,0,0,0,
2026-09-09,"SDR · Septiembre w1 (Cirera, Monlab, Vunkers)",ACTIVE,0,0,0,0,0,0
2026-09-09,Señales ES · contratando comerciales,ACTIVE,0,0,0,0,0,0
2026-09-09,Inmobiliarias ES · Genérica (volumen),ACTIVE,33,11,0,0,0,0
2026-09-09,Solar ES · Genérica (volumen),ACTIVE,43,6,0,0,0,0
2026-09-09,Academias ES · Q3 2026 · voz Maikel,ACTIVE,0,0,0,0,0,0
2026-09-10,ICP10 · Dirección nueva (Brain),ACTIVE,0,0,0,0,0,0
2026-09-10,ICP08 · CRM sin disciplina (Brain),ACTIVE,8,2,0,0,0,0
2026-09-10,ICP15 · Base desaprovechada (Brain),ACTIVE,15,2,0,0,0,8
2026-09-10,"Solar · con señal (Brain, 8-sep) BORRADOR",ACTIVE,0,0,0,0,0,0
2026-09-10,Multiservicio · Brain (8-sep) BORRADOR,ACTIVE,0,0,0,0,0,0
2026-09-10,Gestorías · Piloto (1-sep),ACTIVE,0,1,0,0,0,0
2026-09-10,"SDR · Septiembre w1 (Cirera, Monlab, Vunkers)",ACTIVE,0,0,0,0,0,0
2026-09-10,Agent for Me · Gestorías (A2),COMPLETED,0,1,0,0,0,
2026-09-10,Señales ES · contratando comerciales,ACTIVE,10,1,0,0,0,0
2026-09-10,Inmobiliarias ES · Genérica (volumen),ACTIVE,49,8,0,0,1,0
2026-09-10,Solar ES · Genérica (volumen),ACTIVE,8,0,0,0,0,0
2026-09-10,Academias ES · Q3 2026 · voz Maikel,ACTIVE,12,0,0,0,0,0
2026-09-11,V3 · Motor de puertas (copy por lead),ACTIVE,37,0,0,1,0,0
2026-09-11,ICP10 · Dirección nueva (Brain),ACTIVE,0,0,0,0,0,0
2026-09-11,ICP08 · CRM sin disciplina (Brain),ACTIVE,7,2,0,0,0,0
2026-09-11,ICP15 · Base desaprovechada (Brain),ACTIVE,15,2,0,0,0,0
2026-09-11,"Solar · con señal (Brain, 8-sep) BORRADOR",ACTIVE,3,0,0,0,0,0
2026-09-11,Multiservicio · Brain (8-sep) BORRADOR,ACTIVE,11,0,0,0,0,0
2026-09-11,Gestorías · Piloto (1-sep),ACTIVE,0,0,0,0,0,0
2026-09-11,"SDR · Septiembre w1 (Cirera, Monlab, Vunkers)",ACTIVE,0,1,0,0,0,0
2026-09-11,Inmobiliarias ES · Genérica (volumen),PAUSED,31,8,0,0,0,
2026-09-11,Solar ES · Genérica (volumen),PAUSED,28,1,0,0,0,
2026-09-14,V3 · Motor de puertas (copy por lead),ACTIVE,75,0,0,2,2,46
2026-09-14,ICP10 · Dirección nueva (Brain),ACTIVE,4,1,0,0,0,0
2026-09-14,ICP08 · CRM sin disciplina (Brain),ACTIVE,15,6,0,0,0,0
2026-09-14,ICP15 · Base desaprovechada (Brain),PAUSED,17,4,0,0,0,
2026-09-14,"Solar · con señal (Brain, 8-sep) BORRADOR",ACTIVE,1,0,0,0,0,0
2026-09-14,Multiservicio · Brain (8-sep) BORRADOR,ACTIVE,8,1,0,0,0,0
2026-09-14,Gestorías · Piloto (1-sep),COMPLETED,26,14,10,0,0,
2026-09-14,"SDR · Septiembre w1 (Cirera, Monlab, Vunkers)",COMPLETED,3,1,1,0,0,
2026-09-14,Solar ES · Genérica (volumen),PAUSED,0,2,0,0,0,
2026-09-15,V3 · Motor de puertas (copy por lead),ACTIVE,96,0,0,3,1,0
2026-09-15,ICP10 · Dirección nueva (Brain),ACTIVE,0,0,0,0,0,0
2026-09-15,ICP08 · CRM sin disciplina (Brain),ACTIVE,0,0,0,0,0,0
2026-09-15,ICP15 · Base desaprovechada (Brain),PAUSED,0,1,0,0,0,
2026-09-15,"Solar · con señal (Brain, 8-sep) BORRADOR",ACTIVE,3,1,0,0,0,0
2026-09-15,Multiservicio · Brain (8-sep) BORRADOR,ACTIVE,7,2,0,0,0,0
2026-09-15,Solar ES · Genérica (volumen),PAUSED,0,2,0,0,0,
2026-09-16,Rescate · Funnel Meta feb 2026,ACTIVE,13,0,0,0,1,13
2026-09-16,Lista · ActiveCampaign (señal),ACTIVE,10,0,0,0,0,52
2026-09-16,Lista · Mailchimp (señal),ACTIVE,15,0,0,0,0,74
2026-09-16,Lista · Brevo (señal),ACTIVE,15,0,0,0,0,58
2026-09-16,Anuncios · Meta (señal),ACTIVE,25,0,0,0,0,134
2026-09-16,CRM · Zoho (señal),ACTIVE,20,0,0,1,0,56
2026-09-16,CRM · Dynamics 365 (señal),ACTIVE,20,0,0,0,0,57
2026-09-16,Anuncios · LinkedIn Ads (señal),ACTIVE,20,0,0,1,0,89
2026-09-16,CRM · Pipedrive (señal),ACTIVE,30,0,0,0,0,36
2026-09-16,Anuncios · Google Ads (señal),ACTIVE,40,0,0,3,0,92
2026-09-16,CRM · Odoo (señal),ACTIVE,30,0,0,0,0,42
2026-09-16,CRM · Salesforce (señal),ACTIVE,50,0,0,1,0,121
2026-09-16,V3 · Motor de puertas (copy por lead),ACTIVE,0,0,0,0,0,0
2026-09-16,ICP10 · Dirección nueva (Brain),ACTIVE,0,0,0,0,0,0
2026-09-16,ICP08 · CRM sin disciplina (Brain),ACTIVE,0,0,0,0,0,0
2026-09-16,ICP15 · Base desaprovechada (Brain),PAUSED,0,1,0,0,0,
2026-09-16,"Solar · con señal (Brain, 8-sep) BORRADOR",ACTIVE,0,0,0,0,0,0
2026-09-16,Multiservicio · Brain (8-sep) BORRADOR,ACTIVE,0,0,0,0,0,0
2026-09-17,Formación · curso sin cerrar (landing 17-sep),ACTIVE,15,4,0,0,0,24
2026-09-17,Obra · presupuestos (Maps 5 ciudades),ACTIVE,30,7,0,0,1,163
2026-09-17,Rescate · Funnel Meta feb 2026,ACTIVE,13,0,0,1,3,0
2026-09-17,Lista · ActiveCampaign (señal),ACTIVE,10,0,0,0,0,42
2026-09-17,Lista · Mailchimp (señal),ACTIVE,15,0,0,0,1,59
2026-09-17,Lista · Brevo (señal),ACTIVE,15,0,0,0,0,43
2026-09-17,Anuncios · Meta (señal),ACTIVE,25,0,0,0,0,108
2026-09-17,CRM · Zoho (señal),ACTIVE,20,0,0,1,0,36
2026-09-17,CRM · Dynamics 365 (señal),ACTIVE,20,0,0,0,0,37
2026-09-17,Anuncios · LinkedIn Ads (señal),ACTIVE,20,0,0,0,1,69
2026-09-17,CRM · Pipedrive (señal),ACTIVE,15,0,0,1,0,21
2026-09-17,Anuncios · Google Ads (señal),ACTIVE,30,0,0,0,0,62
2026-09-17,CRM · Odoo (señal),ACTIVE,15,0,0,0,0,27
2026-09-17,CRM · Salesforce (señal),ACTIVE,40,0,0,0,2,81
2026-09-17,V3 · Motor de puertas (copy por lead),ACTIVE,36,0,0,0,0,0
2026-09-17,ICP10 · Dirección nueva (Brain),ACTIVE,0,0,0,0,0,0
2026-09-17,ICP08 · CRM sin disciplina (Brain),ACTIVE,0,0,0,0,0,0
2026-09-17,"Solar · con señal (Brain, 8-sep) BORRADOR",ACTIVE,0,0,0,0,0,0
2026-09-17,Multiservicio · Brain (8-sep) BORRADOR,ACTIVE,0,1,0,0,0,0
2026-09-17,Inmobiliarias ES · Genérica (volumen),PAUSED,0,2,0,0,0,
2026-09-18,Formación · curso sin cerrar (landing 17-sep),ACTIVE,15,4,0,0,0,9
2026-09-18,Obra · presupuestos (Maps 5 ciudades),ACTIVE,30,13,0,0,0,133
2026-09-18,Rescate · Funnel Meta feb 2026,ACTIVE,0,0,0,0,0,0
2026-09-18,Lista · ActiveCampaign (señal),ACTIVE,10,0,0,0,0,32
2026-09-18,Lista · Mailchimp (señal),ACTIVE,15,0,0,0,1,44
2026-09-18,Lista · Brevo (señal),ACTIVE,15,0,0,0,0,28
2026-09-18,Anuncios · Meta (señal),ACTIVE,25,0,0,0,0,83
2026-09-18,CRM · Zoho (señal),ACTIVE,20,0,0,0,0,16
2026-09-18,CRM · Dynamics 365 (señal),ACTIVE,20,0,0,0,0,17
2026-09-18,Anuncios · LinkedIn Ads (señal),ACTIVE,20,0,0,0,0,49
2026-09-18,CRM · Pipedrive (señal),ACTIVE,15,0,0,0,0,6
2026-09-18,Anuncios · Google Ads (señal),ACTIVE,30,0,0,0,0,32
2026-09-18,CRM · Odoo (señal),ACTIVE,15,0,0,0,0,12
2026-09-18,CRM · Salesforce (señal),ACTIVE,40,0,0,0,1,41
2026-09-18,V3 · Motor de puertas (copy por lead),ACTIVE,90,0,0,1,0,0
2026-09-18,ICP10 · Dirección nueva (Brain),COMPLETED,4,2,0,0,0,
2026-09-18,ICP08 · CRM sin disciplina (Brain),ACTIVE,14,11,0,0,0,0
2026-09-18,ICP15 · Base desaprovechada (Brain),PAUSED,0,1,0,0,0,
2026-09-18,"Solar · con señal (Brain, 8-sep) BORRADOR",COMPLETED,1,0,0,0,0,
2026-09-18,Multiservicio · Brain (8-sep) BORRADOR,COMPLETED,8,3,0,0,0,
2026-09-21,Asesorías · presupuesto parado (landing 17-se,ACTIVE,15,4,0,0,1,40
2026-09-21,Clínicas · precio por WhatsApp (landing 17-se,ACTIVE,20,10,0,2,1,62
2026-09-21,Formación · curso sin cerrar (landing 17-sep),ACTIVE,34,14,0,0,0,3
2026-09-21,DKR · Open Playtest · Creadores EN,ACTIVE,10,0,0,0,0,22
2026-09-21,Obra · presupuestos (Maps 5 ciudades),ACTIVE,88,30,0,0,2,103
2026-09-21,Rescate · Funnel Meta feb 2026,ACTIVE,20,0,0,0,0,0
2026-09-21,Lista · ActiveCampaign (señal),ACTIVE,36,0,0,1,0,22
2026-09-21,Lista · Mailchimp (señal),ACTIVE,48,0,0,1,0,31
2026-09-21,Lista · Brevo (señal),ACTIVE,35,0,0,0,0,21
2026-09-21,Anuncios · Meta (señal),ACTIVE,35,0,0,0,0,83
2026-09-21,CRM · Zoho (señal),ACTIVE,38,0,0,0,0,12
2026-09-21,CRM · Dynamics 365 (señal),ACTIVE,32,0,0,0,0,14
2026-09-21,CRM · Pipedrive (señal),ACTIVE,36,0,0,0,0,3
2026-09-21,Anuncios · Google Ads (señal),ACTIVE,40,0,0,0,0,32
2026-09-21,CRM · Odoo (señal),ACTIVE,47,0,0,0,0,8
2026-09-21,V3 · Motor de puertas (copy por lead),ACTIVE,0,0,0,1,0,0
2026-09-21,ICP08 · CRM sin disciplina (Brain),COMPLETED,1,1,0,0,0,
2026-09-22,Asesorías · presupuesto parado (landing 17-se,ACTIVE,15,3,0,0,2,25
2026-09-22,Clínicas · precio por WhatsApp (landing 17-se,ACTIVE,20,8,0,0,0,147
2026-09-22,Formación · curso sin cerrar (landing 17-sep),ACTIVE,16,7,0,0,0,38
2026-09-22,DKR · Open Playtest · Creadores EN,ACTIVE,11,0,0,0,0,11
2026-09-22,Obra · presupuestos (Maps 5 ciudades),ACTIVE,31,11,0,0,1,73
2026-09-22,Rescate · Funnel Meta feb 2026,ACTIVE,0,0,0,0,0,0
2026-09-22,Lista · ActiveCampaign (señal),ACTIVE,14,0,0,0,0,12
2026-09-22,Lista · Mailchimp (señal),ACTIVE,22,0,0,0,0,16
2026-09-22,Lista · Brevo (señal),ACTIVE,31,0,0,0,1,6
2026-09-22,CRM · Zoho (señal),ACTIVE,34,0,0,0,0,0
2026-09-22,CRM · Dynamics 365 (señal),ACTIVE,45,0,0,0,0,0
2026-09-22,CRM · Pipedrive (señal),ACTIVE,29,0,0,0,0,0
2026-09-22,Anuncios · Google Ads (señal),ACTIVE,81,0,0,0,0,2
2026-09-22,V3 · Motor de puertas (copy por lead),ACTIVE,34,0,0,1,0,0
2026-09-23,DKR · Open Playtest · Creadores UK (lista del,COMPLETED,14,0,0,0,0,
2026-09-23,Asesorías · presupuesto parado (landing 17-se,PAUSED,0,1,0,0,0,
2026-09-23,Clínicas · precio por WhatsApp (landing 17-se,ACTIVE,20,2,0,0,1,127
2026-09-23,Formación · curso sin cerrar (landing 17-sep),ACTIVE,15,6,0,0,1,23
2026-09-23,Lista · ActiveCampaign (señal),ACTIVE,10,0,0,0,0,2
2026-09-23,V3 · Motor de puertas (copy por lead),ACTIVE,0,0,0,0,0,0
